timestamp,linear_speed,angular_speed,distance_front,distance_left,distance_right
0.284,0.000,0.000,0.000,0.000,0.000
0.284,0.000,0.000,0.000,0.000,0.000
0.300,0.150,-0.300,0.000,0.000,0.000
0.400,0.150,-0.300,0.000,0.000,0.000
0.501,0.150,-0.300,0.000,0.000,0.000
0.600,0.150,-0.300,3.500,1.771,0.860
0.700,0.150,-0.300,3.500,1.771,0.860
0.801,0.150,-0.300,3.500,1.806,0.892
0.900,0.150,-0.300,3.500,1.806,0.892
1.000,0.150,-0.300,3.500,1.994,0.871
1.100,0.150,-0.300,3.500,1.994,0.871
1.200,0.150,-0.300,2.986,2.297,0.838
1.300,0.150,-0.300,2.986,2.297,0.838
1.400,0.150,-0.300,1.916,2.497,0.823
1.500,0.150,-0.300,1.916,2.497,0.823
1.600,0.150,-0.300,1.861,2.527,0.816
1.700,0.150,-0.300,1.861,2.527,0.816
1.800,0.150,-0.300,1.829,1.709,0.801
1.900,0.150,-0.300,1.829,1.709,0.801
2.000,0.150,-0.300,1.790,1.634,0.800
2.100,0.150,-0.300,1.790,1.634,0.800
2.200,0.150,-0.300,1.781,1.616,0.801
2.300,0.150,-0.300,1.781,1.616,0.801
2.400,0.150,-0.300,0.790,1.605,0.790
2.500,0.150,-0.300,0.790,1.605,0.790
2.600,0.150,-0.300,0.738,1.691,0.780
2.700,0.150,-0.300,0.738,1.691,0.780
2.800,0.150,-0.300,0.694,0.815,0.786
2.900,0.150,-0.300,0.694,0.815,0.786
3.000,0.150,-0.300,0.650,0.691,0.790
3.100,0.150,-0.300,0.650,0.691,0.790
3.200,0.150,-0.300,0.626,0.682,0.798
3.300,0.150,-0.300,0.626,0.682,0.798
3.400,0.150,-0.300,0.603,0.664,0.785
3.500,0.150,-0.300,0.603,0.664,0.785
3.600,0.150,-0.300,0.580,0.678,0.779
3.701,0.150,-0.300,0.580,0.678,0.779
3.800,0.150,-0.300,0.549,0.720,0.805
3.900,0.150,-0.300,0.549,0.720,0.805
4.000,0.150,-0.300,0.560,3.078,0.799
4.100,0.150,-0.300,0.560,3.078,0.799
4.200,0.150,-0.300,0.594,1.604,0.794
4.300,0.000,0.500,0.594,1.604,0.794
4.401,0.000,0.500,1.994,1.567,0.810
4.501,0.000,0.500,1.994,1.567,0.810
4.600,0.000,0.500,2.018,1.587,0.811
4.701,0.000,0.500,2.018,1.587,0.811
4.800,0.000,0.500,0.492,3.072,0.809
4.900,0.000,0.500,0.492,3.072,0.809
5.000,0.000,0.500,0.449,2.352,0.805
5.100,0.000,0.500,0.449,2.352,0.805
5.200,0.000,0.500,0.445,0.737,0.818
5.300,0.000,0.500,0.445,0.737,0.818
5.400,0.000,0.500,0.447,0.730,0.835
5.500,0.000,0.500,0.447,0.730,0.835
5.600,0.000,0.500,0.439,0.735,0.854
5.700,0.000,0.500,0.439,0.735,0.854
5.800,0.000,0.500,0.462,0.754,0.902
5.900,0.000,0.500,0.462,0.754,0.902
6.000,0.000,0.500,0.484,0.805,0.911
6.100,0.000,0.500,0.484,0.805,0.911
6.200,0.000,0.500,1.474,1.739,1.004
6.300,0.000,0.500,1.474,1.739,1.004
6.400,0.000,0.500,1.484,1.783,1.102
6.500,0.000,0.500,1.484,1.783,1.102
6.600,0.000,0.500,1.522,2.769,1.217
6.700,0.150,-0.300,1.522,2.769,1.217
6.800,0.150,-0.300,3.500,2.621,1.203
6.900,0.150,-0.300,3.500,2.621,1.203
7.001,0.150,-0.300,3.500,2.601,1.215
7.100,0.150,-0.300,3.500,2.601,1.215
7.201,0.150,-0.300,2.600,2.736,1.217
7.300,0.150,-0.300,2.600,2.736,1.217
7.400,0.150,-0.300,1.448,2.753,1.211
7.500,0.150,-0.300,1.448,2.753,1.211
7.600,0.150,-0.300,1.388,1.768,1.222
7.700,0.150,-0.300,1.388,1.768,1.222
7.800,0.150,-0.300,1.350,1.752,1.219
7.900,0.000,0.500,1.350,1.752,1.219
8.000,0.000,0.500,1.323,0.730,1.194
8.100,0.000,0.500,1.323,0.730,1.194
8.200,0.000,0.500,1.299,0.717,1.203
8.300,0.000,0.500,1.299,0.717,1.203
8.400,0.000,0.500,1.317,0.754,1.224
8.500,0.000,0.500,1.317,0.754,1.224
8.600,0.000,0.500,1.378,1.783,1.203
8.700,0.000,0.500,1.378,1.783,1.203
8.800,0.000,0.500,3.500,2.792,1.193
8.900,0.000,0.500,3.500,2.792,1.193
9.000,0.000,0.500,3.500,2.477,1.244
9.100,0.000,0.500,3.500,2.477,1.244
9.200,0.000,0.500,2.515,2.283,1.533
9.300,0.000,0.500,2.515,2.283,1.533
9.400,0.000,0.500,2.505,2.098,1.768
9.500,0.000,0.500,2.505,2.098,1.768
9.600,0.000,0.500,1.494,1.970,0.377
9.700,0.000,0.500,1.494,1.970,0.377
9.800,0.000,0.500,1.488,1.885,0.312
9.900,0.000,0.500,1.488,1.885,0.312
10.000,0.000,0.500,1.509,1.811,0.286
10.100,0.150,0.000,1.509,1.811,0.286
10.200,0.150,0.000,3.018,1.760,0.254
10.300,0.150,0.000,3.018,1.760,0.254
10.400,0.150,0.000,3.002,1.784,0.254
10.500,0.150,0.000,3.002,1.784,0.254
10.600,0.150,0.000,2.970,1.794,0.254
10.700,0.150,0.000,2.970,1.794,0.254
10.800,0.150,0.000,2.941,1.807,0.247
10.900,0.150,0.000,2.941,1.807,0.247
11.000,0.150,0.000,2.914,1.809,0.253
11.100,0.150,0.000,2.914,1.809,0.253
11.201,0.150,0.000,2.886,1.817,0.266
11.300,0.150,0.000,2.886,1.817,0.266
11.400,0.150,0.000,2.841,1.823,0.286
11.500,0.150,0.000,2.841,1.823,0.286
11.600,0.150,0.000,2.821,1.828,0.324
11.700,0.150,0.000,2.821,1.828,0.324
11.800,0.150,0.000,2.814,1.856,0.370
11.900,0.150,0.000,2.814,1.856,0.370
12.000,0.150,0.000,2.764,1.844,2.364
12.101,0.150,0.000,2.764,1.844,2.364
12.200,0.150,0.000,2.733,1.850,2.383
12.300,0.150,0.000,2.733,1.850,2.383
12.400,0.150,0.000,2.692,1.876,2.398
12.500,0.150,-0.300,2.692,1.876,2.398
12.600,0.150,-0.300,2.662,1.896,2.406
12.700,0.150,-0.300,2.662,1.896,2.406
12.800,0.150,-0.300,2.640,1.933,2.328
12.900,0.150,-0.300,2.640,1.933,2.328
13.000,0.150,-0.300,1.129,1.986,2.279
13.100,0.150,-0.300,1.129,1.986,2.279
13.200,0.150,-0.300,1.050,2.042,2.237
13.300,0.150,-0.300,1.050,2.042,2.237
13.400,0.150,-0.300,1.027,2.097,2.181
13.500,0.150,-0.300,1.027,2.097,2.181
13.600,0.150,-0.300,0.997,0.382,2.165
13.700,0.150,-0.300,0.997,0.382,2.165
13.801,0.150,-0.300,0.969,0.348,2.136
13.901,0.150,-0.300,0.969,0.348,2.136
14.001,0.150,-0.300,0.956,0.321,2.113
14.101,0.150,-0.300,0.956,0.321,2.113
14.200,0.150,-0.300,0.977,0.320,2.110
14.300,0.150,-0.300,0.977,0.320,2.110
14.400,0.150,-0.300,1.917,0.328,2.092
14.500,0.150,-0.300,1.917,0.328,2.092
14.600,0.150,-0.300,1.886,0.372,2.095
14.700,0.150,-0.300,1.886,0.372,2.095
14.800,0.150,-0.300,1.945,1.392,2.099
14.900,0.150,-0.300,1.945,1.392,2.099
15.001,0.150,-0.300,3.229,1.449,2.097
15.100,0.150,-0.300,3.229,1.449,2.097
15.200,0.150,-0.300,3.291,2.947,2.101
15.300,0.150,-0.300,3.291,2.947,2.101
15.400,0.150,-0.300,3.175,2.960,1.996
15.500,0.150,-0.300,3.175,2.960,1.996
15.600,0.150,-0.300,3.093,2.957,1.901
15.700,0.150,-0.300,3.093,2.957,1.901
15.800,0.150,-0.300,1.829,2.995,0.740
15.901,0.150,-0.300,1.829,2.995,0.740
16.000,0.150,-0.300,1.746,1.538,0.692
16.100,0.150,-0.300,1.746,1.538,0.692
16.200,0.150,-0.300,1.705,1.515,0.694
16.300,0.150,-0.300,1.705,1.515,0.694
16.400,0.150,-0.300,1.685,1.512,0.687
16.500,0.150,-0.300,1.685,1.512,0.687
16.600,0.150,-0.300,1.661,1.492,0.681
16.700,0.150,-0.300,1.661,1.492,0.681
16.800,0.150,-0.300,2.706,3.235,0.691
16.901,0.150,-0.300,2.706,3.235,0.691
17.000,0.150,-0.300,2.446,0.610,0.687
17.101,0.150,-0.300,2.446,0.610,0.687
17.200,0.150,-0.300,0.673,0.561,0.698
17.300,0.150,-0.300,0.673,0.561,0.698
17.401,0.150,-0.300,0.615,0.548,0.700
17.500,0.150,-0.300,0.615,0.548,0.700
17.601,0.150,-0.300,0.579,0.536,0.706
17.700,0.150,-0.300,0.579,0.536,0.706
17.800,0.150,-0.300,0.547,0.540,0.704
17.900,0.150,-0.300,0.547,0.540,0.704
18.000,0.150,-0.300,0.514,0.611,0.707
18.100,0.150,-0.300,0.514,0.611,0.707
18.200,0.150,-0.300,0.474,3.160,0.713
18.300,0.000,0.500,0.474,3.160,0.713
18.400,0.000,0.500,0.455,1.548,0.719
18.500,0.000,0.500,0.455,1.548,0.719
18.600,0.000,0.500,0.447,3.170,0.709
18.701,0.000,0.500,0.447,3.170,0.709
18.800,0.000,0.500,0.443,2.199,0.718
18.900,0.000,0.500,0.443,2.199,0.718
19.001,0.000,0.500,0.462,0.596,0.761
19.100,0.000,0.500,0.462,0.596,0.761
19.200,0.000,0.500,0.485,0.578,1.691
19.300,0.000,0.500,0.485,0.578,1.691
19.400,0.000,0.500,0.563,0.585,1.690
19.500,0.000,0.500,0.563,0.585,1.690
19.600,0.000,0.500,1.480,0.590,1.761
19.700,0.000,0.500,1.480,0.590,1.761
19.801,0.150,-0.300,1.428,0.631,1.856
19.900,0.150,-0.300,1.428,0.631,1.856
20.000,0.150,-0.300,1.395,0.719,1.918
20.101,0.150,-0.300,1.395,0.719,1.918
20.200,0.150,-0.300,1.378,1.644,1.892
20.300,0.150,-0.300,1.378,1.644,1.892
20.400,0.150,-0.300,1.367,0.660,1.904
20.500,0.150,-0.300,1.367,0.660,1.904
20.600,0.150,-0.300,1.326,0.594,1.908
20.700,0.150,-0.300,1.326,0.594,1.908
20.800,0.150,-0.300,1.315,0.571,1.920
20.900,0.150,-0.300,1.315,0.571,1.920
21.000,0.150,-0.300,1.295,0.586,1.878
21.101,0.150,-0.300,1.295,0.586,1.878
21.200,0.000,0.500,2.387,0.578,1.836
21.300,0.000,0.500,2.387,0.578,1.836
21.401,0.000,0.500,2.233,0.630,1.810
21.500,0.000,0.500,2.233,0.630,1.810
21.601,0.000,0.500,2.329,0.619,1.847
21.700,0.000,0.500,2.329,0.619,1.847
21.801,0.000,0.500,1.249,0.600,1.926
21.901,0.000,0.500,1.249,0.600,1.926
22.000,0.000,0.500,1.203,0.590,1.878
22.100,0.000,0.500,1.203,0.590,1.878
22.201,0.000,0.500,1.195,0.591,1.836
22.300,0.000,0.500,1.195,0.591,1.836
22.400,0.000,0.500,1.236,0.609,1.807
22.500,0.000,0.500,1.236,0.609,1.807
22.600,0.000,0.500,2.561,0.674,1.782
22.700,0.000,0.500,2.561,0.674,1.782
22.800,0.000,0.500,2.687,3.271,1.769
22.900,0.000,0.500,2.687,3.271,1.769
23.000,0.000,0.500,2.691,3.292,0.312
23.100,0.000,0.500,2.691,3.292,0.312
23.200,0.000,0.500,2.670,3.157,0.285
23.300,0.000,0.500,2.670,3.157,0.285
23.400,0.000,0.500,1.449,1.900,0.246
23.500,0.000,0.500,1.449,1.900,0.246
23.601,0.000,0.500,1.368,1.910,0.243
23.700,0.150,0.000,1.368,1.910,0.243
23.800,0.150,0.000,1.369,1.930,0.217
23.900,0.150,0.000,1.369,1.930,0.217
24.000,0.150,0.000,1.354,2.928,0.220
24.100,0.150,0.000,1.354,2.928,0.220
24.200,0.150,0.000,1.343,2.897,0.228
24.301,0.150,0.000,1.343,2.897,0.228
24.401,0.150,0.000,1.308,2.934,0.242
24.500,0.150,0.000,1.308,2.934,0.242
24.600,0.150,0.000,1.276,1.991,0.263
24.700,0.150,0.000,1.276,1.991,0.263
24.800,0.150,0.000,1.250,1.964,0.314
24.900,0.150,0.000,1.250,1.964,0.314
25.000,0.150,0.000,1.235,1.926,2.028
25.100,0.150,0.000,1.235,1.926,2.028
25.200,0.150,0.000,1.186,1.909,2.017
25.300,0.150,0.000,1.186,1.909,2.017
25.400,0.150,0.000,1.162,1.902,2.012
25.500,0.150,0.000,1.162,1.902,2.012
25.600,0.150,-0.300,1.145,1.888,2.000
25.700,0.150,-0.300,1.145,1.888,2.000
25.801,0.150,-0.300,1.073,1.893,2.006
25.901,0.150,-0.300,1.073,1.893,2.006
26.000,0.150,-0.300,1.054,1.884,2.042
26.100,0.150,-0.300,1.054,1.884,2.042
26.200,0.150,-0.300,1.022,1.900,2.069
26.301,0.150,-0.300,1.022,1.900,2.069
26.400,0.150,-0.300,0.981,0.449,2.121
26.500,0.150,-0.300,0.981,0.449,2.121
26.600,0.150,-0.300,0.978,0.391,2.085
26.700,0.150,-0.300,0.978,0.391,2.085
26.800,0.150,-0.300,0.976,0.377,2.064
26.900,0.150,-0.300,0.976,0.377,2.064
27.000,0.150,-0.300,2.220,0.379,2.056
27.100,0.150,-0.300,2.220,0.379,2.056
27.200,0.150,-0.300,2.181,0.395,2.051
27.300,0.150,-0.300,2.181,0.395,2.051
27.400,0.150,-0.300,2.155,0.440,2.051
27.500,0.150,-0.300,2.155,0.440,2.051
27.600,0.150,-0.300,2.162,1.440,2.039
27.700,0.150,-0.300,2.162,1.440,2.039
27.800,0.150,-0.300,2.191,1.505,2.042
27.901,0.150,-0.300,2.191,1.505,2.042
28.001,0.150,-0.300,2.207,3.010,2.030
28.101,0.150,-0.300,2.207,3.010,2.030
28.200,0.150,-0.300,2.132,3.011,2.045
28.300,0.150,-0.300,2.132,3.011,2.045
28.400,0.150,-0.300,2.059,3.006,2.062
28.500,0.150,-0.300,2.059,3.006,2.062
28.600,0.150,-0.300,1.981,2.872,2.079
28.700,0.150,-0.300,1.981,2.872,2.079
28.800,0.150,-0.300,1.937,1.575,2.096
28.901,0.150,-0.300,1.937,1.575,2.096
29.000,0.150,-0.300,1.894,1.540,2.122
29.101,0.150,-0.300,1.894,1.540,2.122
29.200,0.150,-0.300,1.844,1.533,2.164
29.301,0.150,-0.300,1.844,1.533,2.164
29.401,0.150,-0.300,1.820,1.544,0.763
29.500,0.150,-0.300,1.820,1.544,0.763
29.601,0.150,-0.300,1.776,2.565,0.720
29.700,0.150,-0.300,1.776,2.565,0.720
29.800,0.150,-0.300,1.751,0.605,0.735
29.900,0.150,-0.300,1.751,0.605,0.735
30.001,0.150,-0.300,0.638,0.556,0.707
30.100,0.150,-0.300,0.638,0.556,0.707
30.200,0.150,-0.300,0.580,0.547,0.720
30.300,0.150,-0.300,0.580,0.547,0.720
30.403,0.150,-0.300,0.514,0.569,0.712
30.500,0.150,-0.300,0.514,0.569,0.712
30.600,0.150,-0.300,0.485,0.593,0.699
30.700,0.000,0.500,0.485,0.593,0.699
30.800,0.000,0.500,0.454,2.220,0.712
30.900,0.000,0.500,0.454,2.220,0.712
31.001,0.000,0.500,0.442,2.214,0.719
31.101,0.000,0.500,0.442,2.214,0.719
31.200,0.000,0.500,0.435,0.628,0.737
31.301,0.000,0.500,0.435,0.628,0.737
31.400,0.000,0.500,0.455,0.571,2.350
31.500,0.000,0.500,0.455,0.571,2.350
31.600,0.000,0.500,0.513,0.582,2.191
31.700,0.000,0.500,0.513,0.582,2.191
31.800,0.000,0.500,1.588,0.586,2.082
31.900,0.000,0.500,1.588,0.586,2.082
32.000,0.000,0.500,1.586,0.603,1.991
32.100,0.000,0.500,1.586,0.603,1.991
32.201,0.150,-0.300,1.621,0.665,1.945
32.300,0.150,-0.300,1.621,0.665,1.945
32.400,0.150,-0.300,1.651,1.626,1.889
32.501,0.150,-0.300,1.651,1.626,1.889
32.600,0.150,-0.300,1.659,1.659,1.867
32.701,0.150,-0.300,1.659,1.659,1.867
32.800,0.150,-0.300,1.621,1.627,1.871
32.900,0.150,-0.300,1.621,1.627,1.871
33.000,0.150,-0.300,1.584,0.612,1.896
33.100,0.150,-0.300,1.584,0.612,1.896
33.201,0.150,-0.300,1.517,0.583,1.905
33.300,0.150,-0.300,1.517,0.583,1.905
33.400,0.150,-0.300,1.474,0.562,1.925
33.500,0.150,-0.300,1.474,0.562,1.925
33.600,0.150,-0.300,1.451,0.558,1.949
33.701,0.150,-0.300,1.451,0.558,1.949
33.801,0.150,-0.300,1.412,0.603,1.987
33.900,0.000,0.500,1.412,0.603,1.987
34.000,0.000,0.500,1.377,0.664,2.032
34.101,0.000,0.500,1.377,0.664,2.032
34.200,0.000,0.500,1.364,2.313,2.022
34.300,0.000,0.500,1.364,2.313,2.022
34.401,0.000,0.500,1.373,0.612,1.942
34.500,0.000,0.500,1.373,0.612,1.942
34.601,0.000,0.500,1.385,0.582,1.876
34.700,0.000,0.500,1.385,0.582,1.876
34.800,0.000,0.500,1.401,0.601,1.831
34.900,0.000,0.500,1.401,0.601,1.831
35.000,0.000,0.500,1.455,0.610,1.808
35.100,0.000,0.500,1.455,0.610,1.808
35.201,0.000,0.500,1.490,0.637,1.783
35.300,0.000,0.500,1.490,0.637,1.783
35.400,0.000,0.500,1.559,1.797,0.280
35.500,0.000,0.500,1.559,1.797,0.280
35.600,0.000,0.500,1.654,3.293,0.256
35.700,0.000,0.500,1.654,3.293,0.256
35.800,0.000,0.500,1.625,3.338,0.242
35.900,0.000,0.500,1.625,3.338,0.242
36.000,0.000,0.500,1.584,1.934,0.207
36.100,0.000,0.500,1.584,1.934,0.207
36.200,0.000,0.500,1.594,1.933,0.209
36.300,0.150,0.000,1.594,1.933,0.209
36.400,0.150,0.000,1.591,1.952,0.200
36.500,0.150,0.300,1.591,1.952,0.200
36.600,0.150,0.300,1.577,1.932,0.216
36.700,0.150,0.300,1.577,1.932,0.216
36.801,0.150,0.300,1.622,1.982,0.224
36.902,0.150,0.000,1.622,1.982,0.224
37.001,0.150,0.000,1.731,2.068,0.249
37.100,0.150,0.000,1.731,2.068,0.249
37.200,0.150,0.000,1.712,1.990,0.282
37.300,0.150,0.000,1.712,1.990,0.282
37.400,0.150,0.000,1.706,1.965,1.356
37.501,0.150,0.000,1.706,1.965,1.356
37.602,0.150,0.000,1.672,1.923,1.343
37.700,0.150,0.000,1.672,1.923,1.343
37.800,0.150,0.000,1.661,1.919,1.317
37.900,0.150,-0.300,1.661,1.919,1.317
38.000,0.150,-0.300,1.546,1.915,1.326
38.100,0.150,-0.300,1.546,1.915,1.326
38.200,0.150,-0.300,1.393,1.918,1.347
38.300,0.150,-0.300,1.393,1.918,1.347
38.400,0.150,-0.300,1.309,1.903,1.371
38.500,0.150,-0.300,1.309,1.903,1.371
38.600,0.150,-0.300,1.284,0.506,1.384
38.702,0.150,-0.300,1.284,0.506,1.384
38.801,0.150,-0.300,1.238,0.449,1.434
38.902,0.150,-0.300,1.238,0.449,1.434
39.000,0.150,-0.300,1.228,0.417,1.477
39.100,0.150,-0.300,1.228,0.417,1.477
39.201,0.150,-0.300,1.205,0.415,1.479
39.301,0.150,-0.300,1.205,0.415,1.479
39.400,0.150,-0.300,1.187,0.418,1.472
39.501,0.150,-0.300,1.187,0.418,1.472
39.600,0.150,-0.300,1.173,0.451,1.469
39.700,0.150,-0.300,1.173,0.451,1.469
39.800,0.150,-0.300,1.161,1.486,1.478
39.900,0.150,-0.300,1.161,1.486,1.478
40.000,0.150,-0.300,1.156,1.494,1.470
40.101,0.150,-0.300,1.156,1.494,1.470
40.200,0.150,-0.300,1.165,2.497,1.488
40.300,0.150,-0.300,1.165,2.497,1.488
40.400,0.150,-0.300,1.105,2.416,1.479
40.501,0.150,-0.300,1.105,2.416,1.479
40.601,0.150,-0.300,1.059,2.196,1.504
40.700,0.150,-0.300,1.059,2.196,1.504
40.801,0.150,-0.300,1.005,2.058,1.661
40.901,0.150,-0.300,1.005,2.058,1.661
41.000,0.150,-0.300,0.966,1.904,1.849
41.100,0.150,-0.300,0.966,1.904,1.849
41.200,0.150,-0.300,0.934,1.786,2.055
41.300,0.150,-0.300,0.934,1.786,2.055
41.400,0.150,-0.300,0.886,1.701,2.117
41.502,0.150,-0.300,0.886,1.701,2.117
41.600,0.150,-0.300,0.850,1.627,2.126
41.700,0.150,-0.300,0.850,1.627,2.126
41.800,0.150,-0.300,0.821,1.544,0.760
41.901,0.150,-0.300,0.821,1.544,0.760
42.000,0.150,-0.300,0.770,1.483,0.716
42.101,0.150,-0.300,0.770,1.483,0.716
42.201,0.150,-0.300,0.760,1.366,0.675
42.300,0.150,-0.300,0.760,1.366,0.675
42.400,0.150,-0.300,0.722,0.907,0.690
42.500,0.150,-0.300,0.722,0.907,0.690
42.600,0.150,-0.300,0.703,0.783,0.692
42.701,0.150,-0.300,0.703,0.783,0.692
42.801,0.150,-0.300,0.683,0.777,0.685
42.901,0.150,-0.300,0.683,0.777,0.685
43.000,0.150,-0.300,0.671,0.763,0.709
43.101,0.150,-0.300,0.671,0.763,0.709
43.200,0.150,-0.300,0.635,0.746,0.685
43.300,0.150,-0.300,0.635,0.746,0.685
43.400,0.150,-0.300,0.636,0.737,0.703
43.500,0.150,-0.300,0.636,0.737,0.703
43.601,0.150,-0.300,0.617,0.725,0.701
43.700,0.150,-0.300,0.617,0.725,0.701
43.801,0.150,-0.300,0.608,0.732,0.704
43.901,0.150,-0.300,0.608,0.732,0.704
44.001,0.150,-0.300,0.587,0.732,0.720
44.100,0.150,-0.300,0.587,0.732,0.720
44.200,0.150,-0.300,0.596,0.687,0.727
44.300,0.150,-0.300,0.596,0.687,0.727
44.400,0.150,-0.300,0.583,0.607,0.719
44.500,0.150,-0.300,0.583,0.607,0.719
44.600,0.150,-0.300,0.577,0.544,0.714
44.700,0.150,-0.300,0.577,0.544,0.714
44.800,0.150,-0.300,0.574,0.488,0.717
44.900,0.150,-0.300,0.574,0.488,0.717
45.000,0.150,-0.300,0.576,0.443,0.742
45.100,0.000,0.500,0.576,0.443,0.742
45.203,0.000,0.500,0.597,0.413,0.743
45.300,0.000,0.500,0.597,0.413,0.743
45.400,0.000,0.500,0.570,0.414,0.719
45.500,0.000,0.500,0.570,0.414,0.719
45.600,0.000,0.500,0.523,0.442,0.719
45.700,0.000,0.500,0.523,0.442,0.719
45.801,0.000,0.500,0.481,0.490,0.718
45.901,0.000,0.500,0.481,0.490,0.718
46.001,0.000,0.500,0.465,0.547,0.727
46.101,0.000,0.500,0.465,0.547,0.727
46.200,0.000,0.500,0.435,0.616,3.059
46.300,0.000,0.500,0.435,0.616,3.059
46.400,0.000,0.500,0.423,0.720,2.623
46.501,0.000,0.500,0.423,0.720,2.623
46.600,0.000,0.500,0.408,0.799,2.352
46.701,0.000,0.500,0.408,0.799,2.352
46.800,0.000,0.500,0.375,0.831,2.123
46.901,0.000,0.500,0.375,0.831,2.123
47.000,0.000,0.500,0.379,0.850,1.942
47.100,0.000,0.500,0.379,0.850,1.942
47.200,0.000,0.500,0.384,0.898,1.829
47.300,0.000,0.500,0.384,0.898,1.829
47.400,0.000,0.500,0.373,0.933,1.123
47.500,0.000,0.500,0.373,0.933,1.123
47.601,0.000,0.500,0.392,1.004,1.090
47.700,0.000,0.500,0.392,1.004,1.090
47.800,0.000,0.500,0.396,1.728,1.039
47.900,0.000,0.500,0.396,1.728,1.039
48.001,0.000,0.500,0.406,1.904,1.011
48.101,0.000,0.500,0.406,1.904,1.011
48.201,0.000,0.500,0.398,2.089,0.821
48.300,0.000,0.500,0.398,2.089,0.821
48.400,0.000,0.500,0.439,2.384,0.707
48.501,0.000,0.500,0.439,2.384,0.707
48.600,0.000,0.500,0.443,2.817,0.620
48.700,0.000,0.500,0.443,2.817,0.620
48.800,0.000,0.500,0.489,3.032,0.544
48.901,0.000,0.500,0.489,3.032,0.544
49.000,0.000,0.500,0.515,2.116,0.485
49.101,0.000,0.500,0.515,2.116,0.485
49.201,0.000,0.500,0.577,2.110,0.450
49.300,0.000,0.500,0.577,2.110,0.450
49.400,0.000,0.500,0.632,1.213,0.431
49.500,0.150,0.000,0.632,1.213,0.431
49.601,0.150,0.000,0.721,1.155,0.380
49.700,0.150,0.000,0.721,1.155,0.380
49.800,0.150,0.000,0.855,1.164,0.358
49.900,0.150,0.000,0.855,1.164,0.358
50.000,0.150,0.000,0.839,1.171,0.340
50.100,0.150,0.000,0.839,1.171,0.340
50.201,0.150,0.000,0.801,1.162,0.344
50.300,0.150,0.000,0.801,1.162,0.344
50.400,0.150,0.000,0.780,1.168,0.323
50.500,0.150,0.000,0.780,1.168,0.323
50.602,0.150,0.000,0.752,1.150,0.317
50.700,0.150,0.000,0.752,1.150,0.317
50.800,0.150,0.000,0.716,1.158,0.309
50.900,0.000,0.500,0.716,1.158,0.309
51.001,0.000,0.500,0.692,1.181,0.293
51.101,0.150,0.000,0.692,1.181,0.293
51.200,0.150,0.000,0.666,1.178,0.300
51.300,0.000,0.500,0.666,1.178,0.300
51.400,0.000,0.500,0.661,1.194,0.285
51.500,0.000,0.500,0.661,1.194,0.285
51.600,0.000,0.500,0.636,1.196,0.288
51.700,0.000,0.500,0.636,1.196,0.288
51.800,0.000,0.500,0.642,1.176,0.263
51.900,0.000,0.500,0.642,1.176,0.263
52.000,0.000,0.500,0.641,1.184,0.268
52.101,0.000,0.500,0.641,1.184,0.268
52.200,0.000,0.500,0.680,1.211,0.250
52.300,0.000,0.500,0.680,1.211,0.250
52.400,0.000,0.500,0.705,2.152,0.246
52.501,0.000,0.500,0.705,2.152,0.246
52.601,0.000,0.500,0.738,2.153,0.238
52.700,0.150,0.000,0.738,2.153,0.238
52.800,0.150,0.000,0.789,2.155,0.240
52.900,0.150,0.000,0.789,2.155,0.240
53.000,0.150,0.000,0.768,2.130,0.255
53.100,0.150,0.000,0.768,2.130,0.255
53.200,0.150,0.000,0.763,2.154,0.246
53.300,0.150,0.000,0.763,2.154,0.246
53.400,0.150,0.000,0.701,2.148,0.260
53.500,0.150,0.000,0.701,2.148,0.260
53.600,0.150,0.000,0.678,2.136,0.273
53.700,0.150,0.000,0.678,2.136,0.273
53.800,0.150,0.000,0.648,2.151,0.269
53.903,0.150,0.000,0.648,2.151,0.269
54.000,0.150,0.000,0.647,2.139,0.277
54.100,0.150,0.000,0.647,2.139,0.277
54.200,0.150,0.000,0.605,2.138,0.275
54.301,0.150,0.000,0.605,2.138,0.275
54.400,0.150,0.000,0.586,2.136,0.294
54.500,0.150,0.000,0.586,2.136,0.294
54.600,0.150,0.000,0.545,2.137,0.292
54.701,0.000,0.500,0.545,2.137,0.292
54.801,0.000,0.500,0.529,2.148,0.304
54.900,0.000,0.500,0.529,2.148,0.304
55.001,0.000,0.500,0.539,2.150,0.312
55.100,0.000,0.500,0.539,2.150,0.312
55.200,0.000,0.500,0.557,2.163,0.305
55.300,0.000,0.500,0.557,2.163,0.305
55.400,0.000,0.500,0.591,3.232,0.295
55.500,0.150,0.000,0.591,3.232,0.295
55.600,0.150,0.000,1.608,3.500,0.328
55.700,0.150,0.000,1.608,3.500,0.328
55.801,0.150,0.000,1.825,2.191,0.347
55.901,0.150,0.000,1.825,2.191,0.347
56.000,0.150,0.000,1.853,2.162,0.365
56.100,0.150,0.000,1.853,2.162,0.365
56.200,0.150,0.000,1.850,2.225,0.355
56.300,0.150,0.000,1.850,2.225,0.355
56.400,0.150,0.000,1.822,3.253,0.345
56.500,0.150,0.000,1.822,3.253,0.345
56.600,0.150,0.000,1.801,3.238,0.347
56.701,0.150,0.000,1.801,3.238,0.347
56.800,0.150,0.000,1.776,3.240,0.330
56.900,0.000,0.500,1.776,3.240,0.330
57.000,0.000,0.500,1.734,3.244,0.298
57.100,0.000,0.500,1.734,3.244,0.298
57.201,0.000,0.500,1.903,2.264,0.307
57.300,0.000,0.500,1.903,2.264,0.307
57.400,0.000,0.500,2.395,2.185,0.268
57.501,0.000,0.500,2.395,2.185,0.268
57.600,0.000,0.500,2.500,1.268,0.275
57.700,0.000,0.500,2.500,1.268,0.275
57.800,0.000,0.500,3.175,1.179,0.262
57.900,0.150,0.000,3.175,1.179,0.262
58.001,0.150,0.000,1.748,1.193,0.249
58.100,0.150,0.000,1.748,1.193,0.249
58.200,0.150,0.000,1.715,1.172,0.261
58.301,0.150,0.000,1.715,1.172,0.261
58.400,0.150,0.000,1.681,1.192,0.247
58.501,0.150,0.000,1.681,1.192,0.247
58.600,0.150,0.000,1.654,1.184,0.263
58.700,0.150,0.000,1.654,1.184,0.263
58.800,0.150,0.000,1.623,1.194,0.250
58.900,0.150,0.000,1.623,1.194,0.250
59.000,0.150,0.000,1.606,1.192,0.264
59.101,0.150,0.000,1.606,1.192,0.264
59.201,0.150,0.000,1.554,1.198,0.260
59.300,0.150,0.000,1.554,1.198,0.260
59.401,0.150,0.000,1.530,1.204,0.266
59.500,0.150,0.000,1.530,1.204,0.266
59.600,0.150,0.000,1.516,1.202,0.274
59.700,0.150,0.000,1.516,1.202,0.274
59.801,0.150,0.000,1.480,1.207,0.270
59.901,0.150,0.000,1.480,1.207,0.270
60.000,0.150,0.000,1.438,1.234,0.267
60.101,0.150,0.000,1.438,1.234,0.267
60.200,0.150,0.000,1.404,1.259,0.295
60.301,0.150,0.000,1.404,1.259,0.295
60.400,0.150,0.000,1.374,1.300,0.360
60.501,0.150,0.000,1.374,1.300,0.360
60.600,0.150,0.000,1.359,2.237,0.416
60.701,0.150,0.000,1.359,2.237,0.416
60.800,0.150,0.000,1.322,2.183,0.482
60.900,0.150,0.000,1.322,2.183,0.482
61.000,0.150,0.000,1.283,2.131,0.521
61.100,0.150,-0.300,1.283,2.131,0.521
61.201,0.150,-0.300,1.255,2.096,0.553
61.301,0.150,-0.300,1.255,2.096,0.553
61.403,0.150,-0.300,1.251,2.096,0.544
61.501,0.150,-0.300,1.251,2.096,0.544
61.600,0.150,-0.300,1.323,2.109,0.565
61.700,0.150,-0.300,1.323,2.109,0.565
61.800,0.150,-0.300,2.633,2.114,0.573
61.900,0.150,-0.300,2.633,2.114,0.573
62.001,0.150,-0.300,2.170,0.745,0.585
62.100,0.150,-0.300,2.170,0.745,0.585
62.200,0.150,-0.300,1.931,0.669,0.566
62.300,0.150,-0.300,1.931,0.669,0.566
62.401,0.150,-0.300,1.879,0.640,0.568
62.500,0.150,-0.300,1.879,0.640,0.568
62.600,0.150,-0.300,1.825,0.632,0.576
62.700,0.150,-0.300,1.825,0.632,0.576
62.800,0.150,-0.300,1.790,0.637,0.582
62.901,0.150,-0.300,1.790,0.637,0.582
63.000,0.150,-0.300,1.582,0.683,0.592
63.100,0.150,-0.300,1.582,0.683,0.592
63.200,0.150,-0.300,1.428,1.750,0.575
63.300,0.150,-0.300,1.428,1.750,0.575
63.401,0.150,-0.300,1.288,3.500,0.593
63.500,0.150,-0.300,1.288,3.500,0.593
63.600,0.150,-0.300,1.191,3.500,0.597
63.700,0.150,-0.300,1.191,3.500,0.597
63.800,0.150,-0.300,1.058,2.895,0.607
63.900,0.150,-0.300,1.058,2.895,0.607
64.000,0.150,-0.300,0.985,1.881,0.604
64.100,0.150,-0.300,0.985,1.881,0.604
64.200,0.150,-0.300,0.919,1.826,0.598
64.306,0.150,-0.300,0.919,1.826,0.598
64.400,0.150,-0.300,0.858,1.816,0.613
64.500,0.150,-0.300,0.858,1.816,0.613
64.601,0.150,-0.300,0.794,1.834,0.615
64.700,0.150,-0.300,0.794,1.834,0.615
64.800,0.150,-0.300,0.745,0.851,0.618
64.901,0.150,-0.300,0.745,0.851,0.618
65.000,0.150,-0.300,0.685,0.811,0.620
65.101,0.150,-0.300,0.685,0.811,0.620
65.200,0.150,-0.300,0.654,0.801,0.628
65.300,0.150,-0.300,0.654,0.801,0.628
65.400,0.150,-0.300,0.586,0.820,0.627
65.500,0.150,-0.300,0.586,0.820,0.627
65.600,0.150,-0.300,0.564,0.840,0.635
65.701,0.150,-0.300,0.564,0.840,0.635
65.800,0.150,-0.300,0.529,2.494,0.644
65.900,0.150,-0.300,0.529,2.494,0.644
66.000,0.150,-0.300,0.491,2.356,0.633
66.102,0.000,0.500,0.491,2.356,0.633
66.202,0.000,0.500,0.442,2.228,0.645
66.300,0.000,0.500,0.442,2.228,0.645
66.400,0.000,0.500,0.445,2.179,0.646
66.500,0.000,0.500,0.445,2.179,0.646
66.600,0.000,0.500,0.420,2.146,0.642
66.700,0.000,0.500,0.420,2.146,0.642
66.800,0.000,0.500,0.420,2.257,0.621
66.901,0.000,0.500,0.420,2.257,0.621
67.001,0.000,0.500,0.435,2.481,0.597
67.100,0.000,0.500,0.435,2.481,0.597
67.200,0.000,0.500,0.447,2.732,0.590
67.300,0.000,0.500,0.447,2.732,0.590
67.400,0.000,0.500,0.463,0.894,0.573
67.500,0.000,0.500,0.463,0.894,0.573
67.600,0.000,0.500,0.482,0.866,0.575
67.700,0.000,0.500,0.482,0.866,0.575
67.800,0.000,0.500,0.508,0.888,0.581
67.900,0.000,0.500,0.508,0.888,0.581
68.000,0.000,0.500,0.538,0.895,0.547
68.100,0.000,0.500,0.538,0.895,0.547
68.200,0.000,0.500,0.595,1.955,0.490
68.300,0.150,-0.300,0.595,1.955,0.490
68.400,0.150,-0.300,0.653,2.001,0.460
68.500,0.150,-0.300,0.653,2.001,0.460
68.600,0.150,-0.300,0.668,2.092,0.429
68.700,0.150,0.000,0.668,2.092,0.429
68.800,0.150,0.000,0.639,1.999,0.437
68.900,0.150,0.000,0.639,1.999,0.437
69.000,0.150,0.000,0.593,1.971,0.406
69.100,0.000,0.500,0.593,1.971,0.406
69.201,0.000,0.500,0.568,1.942,0.408
69.300,0.000,0.500,0.568,1.942,0.408
69.400,0.000,0.500,0.537,0.913,0.404
69.500,0.000,0.500,0.537,0.913,0.404
69.601,0.000,0.500,0.549,1.937,0.372
69.701,0.000,0.500,0.549,1.937,0.372
69.801,0.000,0.500,0.642,3.500,0.352
69.901,0.150,0.000,0.642,3.500,0.352
70.000,0.150,0.000,0.707,3.190,0.332
70.100,0.150,0.000,0.707,3.190,0.332
70.201,0.150,0.000,0.717,3.180,0.324
70.301,0.150,0.000,0.717,3.180,0.324
70.400,0.150,0.000,0.691,3.168,0.300
70.501,0.000,0.500,0.691,3.168,0.300
70.601,0.000,0.500,0.689,3.166,0.299
70.700,0.000,0.500,0.689,3.166,0.299
70.801,0.000,0.500,0.878,2.165,0.280
70.900,0.000,0.500,0.878,2.165,0.280
71.000,0.000,0.500,1.134,2.126,0.261
71.100,0.000,0.500,1.134,2.126,0.261
71.200,0.000,0.500,1.208,2.140,0.256
71.300,0.000,0.500,1.208,2.140,0.256
71.400,0.000,0.500,1.249,1.246,0.248
71.500,0.150,0.000,1.249,1.246,0.248
71.600,0.150,0.000,1.957,1.194,0.252
71.700,0.150,0.000,1.957,1.194,0.252
71.800,0.150,0.000,2.089,1.195,0.237
71.900,0.150,0.000,2.089,1.195,0.237
72.001,0.150,0.000,2.147,1.205,0.251
72.101,0.150,0.000,2.147,1.205,0.251
72.200,0.150,0.000,2.103,1.206,0.256
72.303,0.150,0.000,2.103,1.206,0.256
72.401,0.150,0.000,2.095,1.204,0.270
72.500,0.150,0.000,2.095,1.204,0.270
72.601,0.150,0.000,2.053,1.201,0.277
72.700,0.150,0.000,2.053,1.201,0.277
72.800,0.150,0.000,2.026,1.218,0.290
72.901,0.150,0.000,2.026,1.218,0.290
73.000,0.150,0.000,1.983,1.220,0.284
73.100,0.150,0.000,1.983,1.220,0.284
73.200,0.150,0.000,1.970,1.225,0.297
73.300,0.150,0.000,1.970,1.225,0.297
73.400,0.150,0.000,1.933,1.227,0.307
73.500,0.150,0.000,1.933,1.227,0.307
73.600,0.150,0.000,1.899,1.254,0.323
73.700,0.150,0.000,1.899,1.254,0.323
73.800,0.150,0.000,1.872,1.277,0.327
73.900,0.150,0.000,1.872,1.277,0.327
74.001,0.150,0.000,1.847,1.310,0.339
74.101,0.150,0.000,1.847,1.310,0.339
74.200,0.150,0.000,1.824,2.776,0.345
74.300,0.150,0.000,1.824,2.776,0.345
74.400,0.150,0.000,1.785,2.775,0.354
74.501,0.150,0.000,1.785,2.775,0.354
74.600,0.150,0.000,1.760,2.810,0.366
74.700,0.150,0.000,1.760,2.810,0.366
74.800,0.150,0.000,1.739,2.823,0.359
74.900,0.150,0.000,1.739,2.823,0.359
75.000,0.150,0.000,1.711,2.851,0.371
75.100,0.150,0.000,1.711,2.851,0.371
75.200,0.150,0.000,1.690,3.500,0.381
75.301,0.150,0.000,1.690,3.500,0.381
75.401,0.150,0.000,1.656,2.105,0.391
75.500,0.150,0.000,1.656,2.105,0.391
75.601,0.150,0.000,1.633,2.056,0.399
75.700,0.150,0.000,1.633,2.056,0.399
75.800,0.150,0.000,1.605,2.031,0.404
75.902,0.150,0.000,1.605,2.031,0.404
76.000,0.150,0.000,1.566,2.004,0.408
76.100,0.150,-0.300,1.566,2.004,0.408
76.200,0.150,-0.300,1.504,0.515,0.428
76.300,0.150,-0.300,1.504,0.515,0.428
76.400,0.150,-0.300,1.417,0.446,0.427
76.500,0.150,-0.300,1.417,0.446,0.427
76.602,0.150,-0.300,1.326,0.427,0.429
76.700,0.150,-0.300,1.326,0.427,0.429
76.801,0.150,-0.300,1.252,0.429,0.441
76.900,0.150,-0.300,1.252,0.429,0.441
77.001,0.150,-0.300,1.197,0.421,0.448
77.100,0.150,-0.300,1.197,0.421,0.448
77.200,0.150,-0.300,1.061,0.454,0.451
77.300,0.150,-0.300,1.061,0.454,0.451
77.400,0.150,-0.300,0.729,1.454,0.457
77.501,0.000,0.500,0.729,1.454,0.457
77.600,0.000,0.500,0.530,1.404,0.450
77.700,0.000,0.500,0.530,1.404,0.450
77.800,0.000,0.500,0.435,1.408,0.457
77.900,0.000,0.500,0.435,1.408,0.457
78.000,0.000,0.500,0.432,1.414,0.451
78.100,0.000,0.500,0.432,1.414,0.451
78.200,0.000,0.500,0.589,1.426,0.437
78.300,0.000,0.500,0.589,1.426,0.437
78.400,0.000,0.500,1.055,1.527,0.436
78.500,0.000,0.500,1.055,1.527,0.436
78.601,0.150,-0.300,1.082,0.553,0.430
78.700,0.150,-0.300,1.082,0.553,0.430
78.800,0.150,-0.300,1.148,0.501,0.413
78.900,0.150,-0.300,1.148,0.501,0.413
79.000,0.150,-0.300,1.131,0.515,0.420
79.100,0.150,-0.300,1.131,0.515,0.420
79.201,0.150,-0.300,1.053,2.903,0.434
79.301,0.150,-0.300,1.053,2.903,0.434
79.400,0.150,-0.300,1.004,2.879,0.440
79.500,0.150,-0.300,1.004,2.879,0.440
79.600,0.150,-0.300,0.928,1.405,0.439
79.700,0.000,0.500,0.928,1.405,0.439
79.801,0.000,0.500,0.779,1.402,0.446
79.901,0.000,0.500,0.779,1.402,0.446
80.000,0.000,0.500,0.697,1.395,0.451
80.100,0.000,0.500,0.697,1.395,0.451
80.201,0.000,0.500,0.719,1.380,0.442
80.300,0.000,0.500,0.719,1.380,0.442
80.401,0.000,0.500,0.880,1.399,0.432
80.500,0.000,0.500,0.880,1.399,0.432
80.600,0.000,0.500,0.922,1.498,0.427
80.700,0.000,0.500,0.922,1.498,0.427
80.800,0.000,0.500,0.980,2.908,0.361
80.900,0.000,0.500,0.980,2.908,0.361
81.001,0.000,0.500,1.066,2.091,0.334
81.100,0.000,0.500,1.066,2.091,0.334
81.200,0.000,0.500,1.175,0.593,0.290
81.300,0.000,0.500,1.175,0.593,0.290
81.401,0.000,0.500,1.321,0.575,0.280
81.500,0.000,0.500,1.321,0.575,0.280
81.601,0.000,0.500,1.486,0.580,0.248
81.700,0.000,0.500,1.486,0.580,0.248
81.801,0.000,0.500,1.805,0.597,0.235
81.900,0.000,0.500,1.805,0.597,0.235
82.000,0.000,0.500,2.260,0.626,0.224
82.100,0.000,0.500,2.260,0.626,0.224
82.201,0.000,0.500,2.686,1.650,0.213
82.301,0.150,0.000,2.686,1.650,0.213
82.401,0.150,0.000,2.771,1.674,0.203
82.501,0.150,0.000,2.771,1.674,0.203
82.600,0.150,0.000,2.750,1.673,0.195
82.701,0.150,0.300,2.750,1.673,0.195
82.800,0.150,0.300,2.741,1.653,0.195
82.901,0.150,0.300,2.741,1.653,0.195
83.000,0.150,0.300,3.162,1.704,0.222
83.100,0.150,0.300,3.162,1.704,0.222
83.200,0.150,0.300,3.239,3.500,0.293
83.300,0.150,0.000,3.239,3.500,0.293
83.400,0.150,0.000,3.276,3.500,0.384
83.500,0.150,0.000,3.276,3.500,0.384
83.600,0.150,0.000,3.231,3.500,0.436
83.700,0.150,0.000,3.231,3.500,0.436
83.800,0.150,0.000,3.188,3.500,0.495
83.900,0.150,0.000,3.188,3.500,0.495
84.001,0.150,0.000,3.190,0.611,0.539
84.100,0.150,-0.300,3.190,0.611,0.539
84.201,0.150,-0.300,3.099,0.550,0.582
84.300,0.150,-0.300,3.099,0.550,0.582
84.400,0.150,-0.300,2.978,0.519,0.572
84.500,0.150,-0.300,2.978,0.519,0.572
84.600,0.150,-0.300,2.522,0.510,0.597
84.700,0.150,-0.300,2.522,0.510,0.597
84.800,0.150,-0.300,2.417,0.512,0.591
84.901,0.150,-0.300,2.417,0.512,0.591
85.000,0.150,-0.300,2.341,0.544,0.554
85.100,0.150,-0.300,2.341,0.544,0.554
85.200,0.150,-0.300,2.272,2.973,0.591
85.300,0.150,-0.300,2.272,2.973,0.591
85.400,0.150,-0.300,2.217,2.906,0.585
85.500,0.150,-0.300,2.217,2.906,0.585
85.600,0.150,-0.300,1.919,2.878,0.597
85.700,0.150,-0.300,1.919,2.878,0.597
85.800,0.150,-0.300,1.671,1.862,0.582
85.901,0.150,-0.300,1.671,1.862,0.582
86.000,0.150,-0.300,1.479,1.868,0.596
86.100,0.150,-0.300,1.479,1.868,0.596
86.200,0.150,-0.300,1.317,1.856,0.590
86.300,0.150,-0.300,1.317,1.856,0.590
86.400,0.150,-0.300,1.178,1.896,0.607
86.500,0.150,-0.300,1.178,1.896,0.607
86.600,0.150,-0.300,1.050,1.027,0.602
86.700,0.150,-0.300,1.050,1.027,0.602
86.801,0.150,-0.300,0.972,0.956,0.616
86.900,0.150,-0.300,0.972,0.956,0.616
87.000,0.150,-0.300,0.913,0.940,0.611
87.100,0.150,-0.300,0.913,0.940,0.611
87.200,0.150,-0.300,0.843,0.933,0.623
87.300,0.150,-0.300,0.843,0.933,0.623
87.401,0.150,-0.300,0.772,0.932,0.613
87.500,0.150,-0.300,0.772,0.932,0.613
87.600,0.150,-0.300,0.697,3.500,0.620
87.700,0.150,-0.300,0.697,3.500,0.620
87.800,0.150,-0.300,0.666,1.840,0.617
87.900,0.150,-0.300,0.666,1.840,0.617
88.000,0.150,-0.300,0.614,1.813,0.635
88.100,0.150,-0.300,0.614,1.813,0.635
88.200,0.150,-0.300,0.587,1.805,0.629
88.300,0.150,-0.300,0.587,1.805,0.629
88.400,0.150,-0.300,0.524,1.834,0.642
88.500,0.150,-0.300,0.524,1.834,0.642
88.600,0.000,0.500,0.503,2.876,0.639
88.700,0.000,0.500,0.503,2.876,0.639
88.800,0.000,0.500,0.464,2.738,0.648
88.900,0.000,0.500,0.464,2.738,0.648
89.000,0.000,0.500,0.476,1.915,0.635
89.100,0.000,0.500,0.476,1.915,0.635
89.200,0.000,0.500,0.486,1.827,0.616
89.300,0.000,0.500,0.486,1.827,0.616
89.400,0.000,0.500,0.517,1.826,0.610
89.500,0.000,0.500,0.517,1.826,0.610
89.600,0.000,0.500,0.529,1.889,0.612
89.700,0.000,0.500,0.529,1.889,0.612
89.800,0.000,0.500,0.562,2.593,0.584
89.900,0.150,-0.300,0.562,2.593,0.584
90.000,0.150,-0.300,0.618,1.066,0.553
90.100,0.150,-0.300,0.618,1.066,0.553
90.200,0.150,-0.300,0.584,1.107,0.545
90.300,0.000,0.500,0.584,1.107,0.545
90.400,0.000,0.500,0.542,2.572,0.531
90.500,0.000,0.500,0.542,2.572,0.531
90.600,0.000,0.500,0.586,1.079,0.508
90.700,0.150,-0.300,0.586,1.079,0.508
90.800,0.150,-0.300,0.644,1.049,0.456
90.901,0.150,-0.300,0.644,1.049,0.456
91.000,0.150,-0.300,0.645,1.052,0.439
91.101,0.150,0.000,0.645,1.052,0.439
91.201,0.000,0.500,0.577,1.074,0.432
91.300,0.000,0.500,0.577,1.074,0.432
91.400,0.000,0.500,0.561,1.097,0.429
91.500,0.000,0.500,0.561,1.097,0.429
91.600,0.000,0.500,0.543,1.093,0.398
91.701,0.000,0.500,0.543,1.093,0.398
91.800,0.000,0.500,0.555,1.076,0.378
91.900,0.000,0.500,0.555,1.076,0.378
92.000,0.150,0.000,0.637,1.070,0.360
92.101,0.150,0.000,0.637,1.070,0.360
92.200,0.150,0.000,0.727,1.064,0.349
92.300,0.150,0.000,0.727,1.064,0.349
92.400,0.150,0.000,0.779,1.070,0.322
92.500,0.150,0.000,0.779,1.070,0.322
92.600,0.150,0.000,0.786,1.066,0.315
92.700,0.150,0.000,0.786,1.066,0.315
92.801,0.150,0.000,0.782,1.076,0.305
92.900,0.150,0.000,0.782,1.076,0.305
93.001,0.150,0.000,0.743,1.061,0.298
93.101,0.000,0.500,0.743,1.061,0.298
93.200,0.000,0.500,0.714,1.069,0.290
93.300,0.000,0.500,0.714,1.069,0.290
93.401,0.000,0.500,0.725,1.070,0.280
93.501,0.000,0.500,0.725,1.070,0.280
93.600,0.000,0.500,0.781,1.066,0.273
93.700,0.000,0.500,0.781,1.066,0.273
93.800,0.000,0.500,1.034,1.107,0.261
93.900,0.000,0.500,1.034,1.107,0.261
94.000,0.000,0.500,1.506,2.159,0.256
94.100,0.000,0.500,1.506,2.159,0.256
94.200,0.000,0.500,1.576,3.297,0.239
94.300,0.000,0.500,1.576,3.297,0.239
94.400,0.000,0.500,1.652,3.327,0.238
94.501,0.000,0.500,1.652,3.327,0.238
94.600,0.000,0.500,1.784,2.243,0.234
94.700,0.150,0.000,1.784,2.243,0.234
94.800,0.150,0.000,2.387,2.249,0.239
94.900,0.150,0.000,2.387,2.249,0.239
95.000,0.150,0.000,2.530,1.312,0.249
95.100,0.150,0.000,2.530,1.312,0.249
95.200,0.150,0.000,2.482,2.250,0.258
95.301,0.150,0.000,2.482,2.250,0.258
95.400,0.150,0.000,2.452,2.245,0.267
95.500,0.150,0.000,2.452,2.245,0.267
95.600,0.150,0.000,2.426,2.250,0.283
95.700,0.150,0.000,2.426,2.250,0.283
95.800,0.150,0.000,2.434,2.248,0.288
95.900,0.150,0.000,2.434,2.248,0.288
96.000,0.150,0.000,2.363,2.249,0.289
96.100,0.150,0.000,2.363,2.249,0.289
96.200,0.150,0.000,2.372,2.250,0.309
96.301,0.150,0.000,2.372,2.250,0.309
96.400,0.150,0.000,2.316,2.265,0.330
96.501,0.150,0.000,2.316,2.265,0.330
96.601,0.150,0.000,2.293,2.249,0.339
96.700,0.150,0.000,2.293,2.249,0.339
96.801,0.150,0.000,2.293,2.246,0.357
96.900,0.150,0.000,2.293,2.246,0.357
97.000,0.150,0.000,2.232,2.256,0.365
97.100,0.150,0.000,2.232,2.256,0.365
97.201,0.150,0.000,2.220,2.246,0.370
97.301,0.150,0.000,2.220,2.246,0.370
97.400,0.150,0.000,2.188,2.253,0.382
97.500,0.150,0.000,2.188,2.253,0.382
97.600,0.150,0.000,2.153,2.266,0.391
97.700,0.150,0.000,2.153,2.266,0.391
97.800,0.150,0.000,2.130,2.278,0.406
97.900,0.150,0.000,2.130,2.278,0.406
98.000,0.150,0.000,2.099,2.302,0.420
98.100,0.150,0.000,2.099,2.302,0.420
98.201,0.150,-0.300,2.053,2.330,0.420
98.300,0.150,-0.300,2.053,2.330,0.420
98.400,0.150,-0.300,1.997,3.283,0.431
98.500,0.150,0.000,1.997,3.283,0.431
98.601,0.150,0.000,1.895,0.877,0.442
98.700,0.150,-0.300,1.895,0.877,0.442
98.800,0.150,-0.300,1.852,0.871,0.452
98.901,0.150,-0.300,1.852,0.871,0.452
99.000,0.150,-0.300,1.728,0.841,0.459
99.100,0.150,-0.300,1.728,0.841,0.459
99.200,0.150,-0.300,1.631,0.823,0.451
99.301,0.150,-0.300,1.631,0.823,0.451
99.401,0.150,-0.300,1.161,0.838,0.457
99.501,0.150,-0.300,1.161,0.838,0.457
99.601,0.150,-0.300,1.070,0.893,0.471
99.700,0.150,-0.300,1.070,0.893,0.471
99.801,0.150,-0.300,1.031,1.982,0.473
99.900,0.150,-0.300,1.031,1.982,0.473
100.000,0.150,-0.300,0.960,3.500,0.474
100.100,0.150,-0.300,0.960,3.500,0.474
100.200,0.150,-0.300,0.927,3.104,0.482
100.301,0.150,-0.300,0.927,3.104,0.482
100.400,0.150,-0.300,0.884,2.135,0.488
100.501,0.150,-0.300,0.884,2.135,0.488
100.600,0.150,-0.300,0.836,1.992,0.480
100.701,0.150,-0.300,0.836,1.992,0.480
100.800,0.150,-0.300,0.783,2.008,0.483
100.900,0.150,-0.300,0.783,2.008,0.483
101.000,0.150,-0.300,0.741,1.086,0.497
101.100,0.150,-0.300,0.741,1.086,0.497
101.200,0.150,-0.300,0.717,0.984,0.474
101.300,0.150,-0.300,0.717,0.984,0.474
101.400,0.150,-0.300,0.683,0.971,0.495
101.500,0.150,-0.300,0.683,0.971,0.495
101.600,0.150,-0.300,0.651,0.960,0.504
101.700,0.150,-0.300,0.651,0.960,0.504
101.800,0.150,-0.300,0.624,0.987,0.495
101.900,0.150,-0.300,0.624,0.987,0.495
102.000,0.150,-0.300,0.596,1.097,0.491
102.100,0.150,-0.300,0.596,1.097,0.491
102.200,0.150,-0.300,0.566,3.124,0.503
102.300,0.000,0.500,0.566,3.124,0.503
102.400,0.000,0.500,0.512,2.698,0.504
102.500,0.000,0.500,0.512,2.698,0.504
102.600,0.000,0.500,0.518,3.086,0.469
102.700,0.000,0.500,0.518,3.086,0.469
102.800,0.000,0.500,0.533,3.230,0.449
102.900,0.000,0.500,0.533,3.230,0.449
103.000,0.000,0.500,0.528,1.022,0.399
103.100,0.150,0.000,0.528,1.022,0.399
103.200,0.150,0.000,0.535,1.004,0.387
103.300,0.150,0.000,0.535,1.004,0.387
103.400,0.150,0.000,0.505,0.999,0.370
103.500,0.150,0.000,0.505,0.999,0.370
103.600,0.150,0.000,0.480,1.001,0.361
103.701,0.000,0.500,0.480,1.001,0.361
103.800,0.000,0.500,0.453,1.013,0.351
103.900,0.000,0.500,0.453,1.013,0.351
104.000,0.000,0.500,0.439,1.013,0.334
104.100,0.000,0.500,0.439,1.013,0.334
104.200,0.000,0.500,0.434,0.999,0.322
104.300,0.000,0.500,0.434,0.999,0.322
104.401,0.000,0.500,0.421,1.012,0.315
104.500,0.000,0.500,0.421,1.012,0.315
104.600,0.000,0.500,0.438,1.025,0.309
104.700,0.000,0.500,0.438,1.025,0.309
104.800,0.000,0.500,0.450,1.082,0.289
104.900,0.000,0.500,0.450,1.082,0.289
105.000,0.000,0.500,0.466,2.228,0.290
105.100,0.000,0.500,0.466,2.228,0.290
105.200,0.000,0.500,0.511,3.340,0.279
105.300,0.000,0.500,0.511,3.340,0.279
105.401,0.000,0.500,0.531,2.252,0.285
105.501,0.000,0.500,0.531,2.252,0.285
105.600,0.150,0.000,0.567,2.232,0.277
105.700,0.150,0.000,0.567,2.232,0.277
105.801,0.150,0.000,0.604,1.305,0.286
105.900,0.150,0.000,0.604,1.305,0.286
106.000,0.150,0.000,1.298,1.249,0.291
106.100,0.150,0.000,1.298,1.249,0.291
106.200,0.150,0.000,1.317,1.256,0.317
106.300,0.150,0.000,1.317,1.256,0.317
106.401,0.150,0.000,1.286,1.252,0.330
106.500,0.150,0.000,1.286,1.252,0.330
106.601,0.150,0.000,1.256,1.259,0.338
106.700,0.150,0.000,1.256,1.259,0.338
